Position,Company,Location
Senior Data Analyst,startup oi,"Ho Chi Minh City, Vietnam"
Data Analyst/Business Intelligence/Data Scientist,KALAPA,"Quận Nam Từ Liêm, Hanoi, Vietnam"
Data Analyst,C2C Tech Hub,"Ho Chi Minh City, Vietnam"
Chief Data Officer - Transforming Local Bank,Michael Page,"Hanoi, Hanoi, Vietnam"
Reconciliation Analyst,Citi,"Ho Chi Minh City, Ho Chi Minh City, Vietnam"
Commercial Finance Analyst,Gene Solutions,Ho Chi Minh City Metropolitan Area
Credit Risk Data Analyst,Citi,"Ho Chi Minh City, Ho Chi Minh City, Vietnam"
Data Analyst,VCCORP,"Thanh Xuân Bắc, Hanoi, Vietnam"
Data Analytics Manager,Geniebook,"Ho Chi Minh City, Vietnam"
Data Scientist (Python) (Salary 1500-3000),LARION,"Ho Chi Minh City, Ho Chi Minh City, Vietnam"
Data Analysis Intern (Remote Internship - Analyst),Brainnest,"Hanoi, Hanoi, Vietnam"
Quantitative Researcher,Athena Studio,"Ho Chi Minh City, Vietnam"
Data Engineer (Python),Hyperion360,Vietnam
Data Scientist,KNOREX,"Ho Chi Minh City, Ho Chi Minh City, Vietnam"
Data Analyst,Infina,"Ho Chi Minh City, Ho Chi Minh City, Vietnam"
Head of Data - Loyalty Platform Startup,Michael Page,"Ho Chi Minh City, Ho Chi Minh City, Vietnam"
Data Analyst,Geniebook,"Ho Chi Minh City, Vietnam"
Remote Data Analyst Jobs,Turing.com,Vietnam
Senior Business Intelligence Analyst,VNG Corporation,"Ho Chi Minh City, Vietnam"
Data Analytics & MIS Senior Analyst,Citi,"Ho Chi Minh City, Ho Chi Minh City, Vietnam"
Analytics & MIS Lead,Citi,"Ho Chi Minh City, Ho Chi Minh City, Vietnam"
Intern/Junior Business Analyst (Remote Business Analysis Internship),Brainnest,"Ho Chi Minh City, Ho Chi Minh City, Vietnam"
Risk Model Analyst,VietCredit Finance Company,"Ho Chi Minh City, Vietnam"
Analytics Engineering Manager,Joy Network,"Ho Chi Minh City, Vietnam"
Analytics Engineering Manager,Joy Network,"Ho Chi Minh City, Vietnam"
Business & Data Analyst Exec,Allianz Malaysia,"My Tho, Vietnam"
Data Scientist,GeoGuard,"Ho Chi Minh City, Ho Chi Minh City, Vietnam"
Business Analyst - Abbott Rapid Diagnostics,Abbott,"Ho Chi Minh City, Ho Chi Minh City, Vietnam"
Fund Transfer Staff,Citi,"Ho Chi Minh City, Ho Chi Minh City, Vietnam"
Data Analyst - Ho Chi Minh,GeoGuard,"Ho Chi Minh City, Ho Chi Minh City, Vietnam"
Business Analyst [Remote],Inspectorio,"Ho Chi Minh City, Ho Chi Minh City, Vietnam"
"Senior Data Scientist, Visa Consulting & Analytics, Vietnam",Visa,"Ho Chi Minh City, Ho Chi Minh City, Vietnam"
ZaloPay - Senior Business Intelligence - Funding Channel,VNG Corporation,"Ho Chi Minh City, Vietnam"
IT Business Analyst (All levels),7LAB at 7-Eleven Việt Nam,"Ho Chi Minh City, Vietnam"
Data Analyst Specialist,Gameloft,"Ho Chi Minh City, Ho Chi Minh City, Vietnam"
Machine Learning Intern,JITS INNOVATION LABS COMPANY,"Hanoi, Hanoi, Vietnam"
HCMC - BI Data Analyst,Amaris Consulting,Ho Chi Minh City Metropolitan Area
Data Scientist,Ninja Van,"Ho Chi Minh City, Ho Chi Minh City, Vietnam"
Data Scientist,Vinpearl,"Hanoi, Hanoi, Vietnam"
Product Owner - BI Analytics - Remote,Inspectorio,Vietnam
Fraud Detection Analyst,Citi,"Ho Chi Minh City, Ho Chi Minh City, Vietnam"
"JUNIOR QUANTITATIVE ANALYST - Dubai, UAE",Cobblestone Energy,"Ho Chi Minh City, Ho Chi Minh City, Vietnam"
Lead Data Scientist,POC Pharma,"Ho Chi Minh City, Ho Chi Minh City, Vietnam"
Senior Data Analyst,Funding Societies | Modalku Group,"Ho Chi Minh City, Ho Chi Minh City, Vietnam"
C&B Lead (Data Analysis/Reporting),VNG Corporation,"Ho Chi Minh City, Vietnam"
Credit Modelling Development,Movi Vietnam,"Ho Chi Minh City, Vietnam"
Machine Learning Engineer l Remote,Inspectorio,"Ho Chi Minh City, Ho Chi Minh City, Vietnam"
Data Engineer,Evizi,"Đà Nang, Da Nang City, Vietnam"
Data Analyst,Puzzle Studio,"Ho Chi Minh City, Ho Chi Minh City, Vietnam"
Data Engineer,Olmo Technology,"Ho Chi Minh City, Vietnam"
Data Analyst,Ninja Van,"Ho Chi Minh City, Ho Chi Minh City, Vietnam"
Data Analyst,Finan,"Ho Chi Minh City, Ho Chi Minh City, Vietnam"
Data Engineer,MFast,"Ho Chi Minh City, Ho Chi Minh City, Vietnam"
Product Data Manager,VNPAY,"Hanoi, Hanoi, Vietnam"
Business Intelligence Data Analyst,Ninja Van,"Ho Chi Minh City, Ho Chi Minh City, Vietnam"
Data Scientist,GeoComply,"Ho Chi Minh City, Ho Chi Minh City, Vietnam"
Business Intelligence Developer,Công ty TNHH Viaconto,"Ho Chi Minh City, Vietnam"
Data Engineer,Sky Mavis,"Ho Chi Minh City, Ho Chi Minh City, Vietnam"
Data analyst,Ninja Van,"Ho Chi Minh City, Ho Chi Minh City, Vietnam"
PVA | Data Analytics & Insights Senior Specialist,Prudential Vietnam Assurance Private Ltd.,"Ho Chi Minh City, Ho Chi Minh City, Vietnam"
Linehaul Data Analyst - Shopee Xpress,Shopee,"Ho Chi Minh City, Ho Chi Minh City, Vietnam"
Compliance Business Control Analyst,Citi,"Ho Chi Minh City, Ho Chi Minh City, Vietnam"
Data Engineer,Cloud Ace,"Hanoi, Hanoi, Vietnam"
Data Analyst,SGS,"Quận 3, Ho Chi Minh City, Vietnam"
Data Analyst - Up to $3200,HCLTech Vietnam,"Ho Chi Minh City, Vietnam"
Business Data Analyst,Ru9,"Ho Chi Minh City, Ho Chi Minh City, Vietnam"
"Data and Insights Manager, Asia [Hybrid/Remote]",Enveritas,Vietnam
IT Project Management Assistant,BSS Commerce,Hanoi Capital Region
"Senior Data & Reporting Analyst - Operations, Shopee Xpress Vietnam",Shopee,"Ho Chi Minh City, Ho Chi Minh City, Vietnam"
Data Analyst - Ho Chi Minh,GeoComply,"Ho Chi Minh City, Ho Chi Minh City, Vietnam"
Data Scientist (Chuyên Viên Cấp Cao Khoa Học Dữ Liệu),Prudential Vietnam Assurance Private Ltd.,"Ho Chi Minh City, Ho Chi Minh City, Vietnam"
Data Analyst,Ninja Van,"Ho Chi Minh City, Ho Chi Minh City, Vietnam"
Business Analyst,Zenyum,"Ho Chi Minh City, Ho Chi Minh City, Vietnam"
Opex Data Analyst,Ninja Van,Vietnam
Analyst Development Program Analyst,Liberty Insurance Pte Ltd.,"Long Xuyên, Vietnam"
Machine Learning Engineer Intern,Kyanon Digital,"Ho Chi Minh City, Ho Chi Minh City, Vietnam"
Intern/Junior Business Analyst (Remote Business Analysis Internship),Brainnest,"Hanoi, Hanoi, Vietnam"
Data Engineer,"Acacy Co., Ltd.","Bình Thạnh, Ho Chi Minh City, Vietnam"
Data Engineer - Pepper Team,Inspectorio,"Ho Chi Minh City, Ho Chi Minh City, Vietnam"
Data Engineer (Asia Pacific),JAC Group,"Ho Chi Minh City, Ho Chi Minh City, Vietnam"
Senior Commercial Data Specialist,Zuellig Pharma Vietnam,"Ho Chi Minh City, Vietnam"
Data Analyst - Business intelligence -Global Hedge Fund,Michael Page,"Ho Chi Minh City, Ho Chi Minh City, Vietnam"
Senior/ Lead Machine Learning Engineer,MoMo (M_Service),"Ho Chi Minh City, Vietnam"
Data Scientist (Customer Acquisition),Trusting Social,"Ho Chi Minh City, Ho Chi Minh City, Vietnam"
Analytics Engineer,Sky Mavis,"Ho Chi Minh City, Ho Chi Minh City, Vietnam"
Marketing Data Analyst,Katalon,"Ho Chi Minh City, Ho Chi Minh City, Vietnam"
Performance Management & Analytics Senior Specialist,Prudential Vietnam Assurance Private Ltd.,"Ho Chi Minh City, Vietnam"
Business Intelligence Analyst,Manabie,"Ho Chi Minh City, Ho Chi Minh City, Vietnam"
Data Analytics Manager - Canada product company,ADI CONSULTING COMPANY LIMITED,"Ho Chi Minh City, Ho Chi Minh City, Vietnam"
"Executive, Business Intelligence (Data Engineering)",DKSH,"Ho Chi Minh City, Vietnam"
Lead Data Scientist,Inspectorio,"Ho Chi Minh City, Ho Chi Minh City, Vietnam"
Python Data Engineer,GeoComply,"Ho Chi Minh City, Ho Chi Minh City, Vietnam"
"JUNIOR ANALYST - Dubai, UAE",Cobblestone Energy,"Thanh Thuy, Vietnam"
Data Engineer (Remote Possible),Glints,"Ho Chi Minh City, Ho Chi Minh City, Vietnam"
HCMC - BI Data Analyst,Amaris Consulting,"Ho Chi Minh City, Ho Chi Minh City, Vietnam"
Opex Data Analyst,Ninja Van,"Ho Chi Minh City, Ho Chi Minh City, Vietnam"
Marketing Data Analyst,Katalon,"Ho Chi Minh City, Ho Chi Minh City, Vietnam"
Business Intelligence Controller,Finan,"Ho Chi Minh City, Ho Chi Minh City, Vietnam"
Data Engineer,MoMo (M_Service),"Ho Chi Minh City, Vietnam"
Credit Analyst,BNP Paribas,"Ho Chi Minh City, Ho Chi Minh City, Vietnam"
Research Analyst,Michael Page,"Ho Chi Minh City, Ho Chi Minh City, Vietnam"
Full-time Business Developer,ztudium- maker of industry 4IR tech AI Blockchain blocksdna & data driven research intelligenthq,Vietnam
Talented IT Graduates/Freshers,Netcompany,"Ho Chi Minh City, Vietnam"
Senior Consultant,CEL,Ho Chi Minh City Metropolitan Area
Senior Data Analyst (Digital Banking - Fintech),Trusting Social,"Ho Chi Minh City, Ho Chi Minh City, Vietnam"
BI Developer,Career Zoom Pte. Ltd.,Vietnam
FUND TRANSFER STAFF,Citi,"Ho Chi Minh City, Ho Chi Minh City, Vietnam"
Data Analyst,Kasatria Technologies Vietnam,"Ho Chi Minh City, Ho Chi Minh City, Vietnam"
Senior Consultant | Data & Analytics | HCMC & Hanoi Office,EY,"Ho Chi Minh City, Ho Chi Minh City, Vietnam"
Data Analyst Team Leader,Ninja Van,"Ho Chi Minh City, Ho Chi Minh City, Vietnam"
Senior Data Analyst,Prudential Vietnam Assurance Private Ltd.,"Ho Chi Minh City, Ho Chi Minh City, Vietnam"
Data Analyst (Based in HCMC),Amanotes,"Ho Chi Minh City, Ho Chi Minh City, Vietnam"
Data Scientist (Customer Acquisition),Trusting Social Career Page,"Ho Chi Minh City, Ho Chi Minh City, Vietnam"
DATA ANALYST SPECIALIST,Ghn Express,"Ho Chi Minh City, Ho Chi Minh City, Vietnam"
"Senior Associate/Manager, Data Management",Lazada,"Ho Chi Minh City, Vietnam"
"JUNIOR QUANTITATIVE ANALYST - Dubai, UAE",Cobblestone Energy,"Can Tho, Can Tho, Vietnam"
Data Analytics Manager,GeoGuard,"Ho Chi Minh City, Ho Chi Minh City, Vietnam"
Python Data Engineer,GeoGuard,"Ho Chi Minh City, Ho Chi Minh City, Vietnam"
Sr Data Scientist,Công ty Cổ Phần Galaxy Play,"Ho Chi Minh City, Ho Chi Minh City, Vietnam"
Business Analyst,Techcombank (TCB),Hanoi Capital Region
Data Scientist (Computer Vision),Trusting Social,"Ho Chi Minh City, Ho Chi Minh City, Vietnam"
OPEX DATA ANALYST,Ninja Van,"Ho Chi Minh City, Ho Chi Minh City, Vietnam"
Business Analyst,Techcombank (TCB),"Ho Chi Minh City, Vietnam"
Data Governance,MB AGEAS LIFE,"Hanoi, Hanoi, Vietnam"
Investment Analyst / Manager,Navis Capital Partners,"Ho Chi Minh City, Vietnam"
"JUNIOR QUANTITATIVE ANALYST - Dubai, UAE",Cobblestone Energy,"Hanoi, Hanoi, Vietnam"
Data Analyst,Ninja Van,"Hanoi, Hanoi, Vietnam"
Credit Risk Senior Analyst,F88,"Ho Chi Minh City, Vietnam"
Data Engineer,POC Pharma,"Ho Chi Minh City, Ho Chi Minh City, Vietnam"
Senior Data Analyst,Katalon,"Ho Chi Minh City, Ho Chi Minh City, Vietnam"
BI Data Engineer,RFOX,"Hanoi, Hanoi, Vietnam"
Trainee Associate - Financial Audit,PwC,"Ho Chi Minh City, Ho Chi Minh City, Vietnam"
Data Engineer Leader,Cốc Cốc,"Hanoi, Hanoi, Vietnam"
Senior IT Business Analyst,IZIon24,"Ho Chi Minh City, Ho Chi Minh City, Vietnam"
Senior Data Analyst,Infina,"Ho Chi Minh City, Ho Chi Minh City, Vietnam"
Data Scientist Engineer,PERSOLKELLY Vietnam,"Hanoi, Hanoi, Vietnam"
Application Engineer,Tech Mahindra,"Ho Chi Minh City, Vietnam"
"Senior Data Analyst - Delivery Operations, ShopeeFood",Shopee,"Ho Chi Minh City, Ho Chi Minh City, Vietnam"
Stage - Data Analyst F/H,Bouygues Telecom Entreprises,"Nghĩa Lộ, Yen Bai, Vietnam"
Data Engineer,Ninja Van,"Ho Chi Minh City, Ho Chi Minh City, Vietnam"
SENIOR PYTHON DATA ENGINEER,STDIO ASIA,"Huế, Thua Thien Hue, Vietnam"
Data Engineer,KNOREX,"Ho Chi Minh City, Ho Chi Minh City, Vietnam"
Data Engineer,FPT Information System,"Hanoi, Hanoi, Vietnam"
Country Manager - Vietnam - Data Centres,Macdonald & Company,"Ho Chi Minh City, Ho Chi Minh City, Vietnam"
Industrial Engineer,lululemon,"Ho Chi Minh City, Vietnam"
Data Architect,Techcombank (TCB),Hanoi Capital Region
Games Database Admin & Analyst,RFOX,"Ho Chi Minh City, Ho Chi Minh City, Vietnam"
DATA ANALYST,Công Ty Tnhh Senspark,"Ho Chi Minh City, Ho Chi Minh City, Vietnam"
Data Analyst,PERSOLKELLY Vietnam,"Hanoi, Hanoi, Vietnam"
Head of Game Data Studio,VNG Corporation,"Ho Chi Minh City, Vietnam"
Data Scientist (Computer Vision),Trusting Social Career Page,"Ho Chi Minh City, Ho Chi Minh City, Vietnam"
BUSINESS ANALYST,DIGI-TEXX,"Ho Chi Minh City, Ho Chi Minh City, Vietnam"
Data Privacy Officer,Grab,"Ho Chi Minh City, Ho Chi Minh City, Vietnam"
Senior Data Analyst,OKXE Inc.,"Ho Chi Minh City, Ho Chi Minh City, Vietnam"
Data Analyst Leader,Ninja Van,"Ho Chi Minh City, Ho Chi Minh City, Vietnam"
Intern/Junior Market Research Analyst (Remote Researcher Internship),Brainnest,"Ho Chi Minh City, Ho Chi Minh City, Vietnam"
Shopee Xpress - Fraud Executive,Shopee,"Ho Chi Minh City, Vietnam"
Python Software Engineer,Y.digital,"Da Nang City, Vietnam"
"Software Engineer - Python, SIGHT Team",Inspectorio,"Ho Chi Minh City, Ho Chi Minh City, Vietnam"
Management Accountant,FiCO Corporation JSC,"Ho Chi Minh City, Ho Chi Minh City, Vietnam"
Python Developer - (Fully Remote),Flex by Finaxar,"Ho Chi Minh City, Ho Chi Minh City, Vietnam"
Data Analyst,SoftwareONE,"Ho Chi Minh City, Ho Chi Minh City, Vietnam"
Senior Research Analyst,C-Spaceship,"Ho Chi Minh City, Ho Chi Minh City, Vietnam"
Data Engineer,Puzzle Studio,"Ho Chi Minh City, Ho Chi Minh City, Vietnam"
Market Research Analyst,UNIVERSITY OF SOCIAL SCIENCES AND HUMANITIES (USSH),"Ho Chi Minh City, Vietnam"
Data Engineer (Automotive industry),Robert Walters,"Ho Chi Minh City, Ho Chi Minh City, Vietnam"
Analytic and Data Product Strategy Manager,Vingroup JSC,"Hanoi, Hanoi, Vietnam"
Data Engineer (Azure),CodeHQ,"Ho Chi Minh City, Vietnam"
Data Analyst - Hà Nội,Ninja Van,"Hanoi, Hanoi, Vietnam"
Master Data Controller,Medical Diag Center,"Ho Chi Minh City, Ho Chi Minh City, Vietnam"
Research Trainee,Worldpanel by Kantar,"Ho Chi Minh City, Vietnam"
Senior Data Analyst,Công Ty Tnhh Anfin,"Ho Chi Minh City, Ho Chi Minh City, Vietnam"
Strategic Insights and Business Intelligence Supervisor,JTI (Japan Tobacco International),"Ho Chi Minh City, Vietnam"
Strategic Insights and Business Intelligence Supervisor,JTI (Japan Tobacco International),"Ho Chi Minh City, Vietnam"
Data Engineer I/II,Rackspace Technology,Vietnam
Sales Data Management Executive,Sanofi,"Ho Chi Minh City, Ho Chi Minh City, Vietnam"
Senior Data Analyst,Trusting Social,"Ho Chi Minh City, Ho Chi Minh City, Vietnam"
Data Analyst / Data Scientist,ABIVIN,"Hanoi, Hanoi, Vietnam"
"(Senior/Lead) Data Analyst, MBI",MoMo (M_Service),"Ho Chi Minh City, Vietnam"
Senior Business Analyst (Corporate Digital Lending),Techcombank (TCB),Hanoi Capital Region
Risk Management Intern,BAEMIN Vietnam (Woowa Bros.),"Ho Chi Minh City, Ho Chi Minh City, Vietnam"
Data Analyst,Advesa Digital Solutions,"Hanoi, Hanoi, Vietnam"
Project Cost Controller,HEINEKEN Vietnam,"Ho Chi Minh City, Vietnam"
Business Analyst,Techcombank (TCB),"Hanoi, Hanoi, Vietnam"
"Data Analyst, Strategic Partnerships( Bangkok based)",Agoda,"Ho Chi Minh City, Ho Chi Minh City, Vietnam"
Fresher/Junior C++ Developer,Hitachi Vantara,"Ho Chi Minh City, Vietnam"
"Lead, Strategy and Planning (Market Research experiences required)",Grab,"Ho Chi Minh City, Ho Chi Minh City, Vietnam"
"R-13582 Manager, Data Services Delivery",Rackspace Technology,Vietnam
Mid/Senior Data Scientist,BAEMIN Vietnam (Woowa Bros.),"Ho Chi Minh City, Ho Chi Minh City, Vietnam"
Junior Business Analyst - Chuyên Viên Phân Tích Nghiệp Vụ,"VOLTRANS LOGISTICS CO.,LTD","Ho Chi Minh City, Ho Chi Minh City, Vietnam"
Business Analyst (Lean Team ),Fashion Garments - Vietnam,"Tân Phú, Dong Nai, Vietnam"
Fresher Developer,Hitachi Vantara,"Ho Chi Minh City, Vietnam"
Database Engineer,Fetch Technology,Da Nang Metropolitan Area
Data Scientist - a Global Biotech company,Michael Page,"Ho Chi Minh City, Ho Chi Minh City, Vietnam"
Head of Data Science - Global FMCG brand,Michael Page,"Ho Chi Minh City, Ho Chi Minh City, Vietnam"
"Software Engineer - Python, Vision Team",Inspectorio,"Ho Chi Minh City, Ho Chi Minh City, Vietnam"
Data Engineer,AdStart Media,"Ho Chi Minh City, Ho Chi Minh City, Vietnam"
Quantitative Researcher (Master/Postdoc),Aloha Consulting Group,Ho Chi Minh City Metropolitan Area
[HN/HCM] Data Scientist (Middle/Senior) (Blockchain/Crypto/DeFi),KyberNetwork,"Hanoi, Hanoi, Vietnam"
Analytics Engineering Manager,Katalon,"Ho Chi Minh City, Ho Chi Minh City, Vietnam"
"Team Leader, Seller & 3PL Performance",TIKI,"Ho Chi Minh City, Vietnam"
"Data Processing Specialist, Reference Data",NielsenIQ,"Ho Chi Minh City, Ho Chi Minh City, Vietnam"
Data Engineer,AdStart Media,"Ho Chi Minh City, Ho Chi Minh City, Vietnam"
"Startup Founder | Data Scientist, Blockchain, AI/ML Expert",Antler,"Ho Chi Minh City, Vietnam"
Senior AI Engineer,Wow AI,Vietnam
"Data Engineer (ETL, analytics), KMS Solutions",KMS Solutions,"Ho Chi Minh City, Ho Chi Minh City, Vietnam"
Finance Intern (Controlling),MM Mega Market Vietnam,"Ho Chi Minh City, Ho Chi Minh City, Vietnam"
Full-time INTERN for Learning & Development Team _ Hanoi Office,EY,"Quân Phuong Ha Trai, Vietnam"
"Manager, Visa Consulting & Analytics, Vietnam",Visa,"Ho Chi Minh City, Ho Chi Minh City, Vietnam"
Data Architect,Techcombank (TCB),"Ho Chi Minh City, Vietnam"
Business Continuity Analyst,Allianz Malaysia,"My Tho, Vietnam"
"Business Intelligence, Lead (Partnership Distribution Function)",AIA Vietnam,"Ho Chi Minh City, Vietnam"
Backend Engineer (Data),Sky Mavis,"Ho Chi Minh City, Ho Chi Minh City, Vietnam"
Fresher - Data Engineer,"Gimasys Co., Ltd","Hanoi, Hanoi, Vietnam"
Remote BACKEND (PYTHON+SQL) Developer at Clue (getclue.com),Clue Insights,"Ho Chi Minh City, Ho Chi Minh City, Vietnam"
Junior Data Analytics,Apero Technologies Group,"Hanoi, Hanoi, Vietnam"
DATA ANALYTICS,Apero Technologies Group,"Hanoi, Hanoi, Vietnam"
"Senior Executive, IT Internal Audit",Hong Leong Bank Vietnam,"Ho Chi Minh City, Vietnam"
Data Engineer Supervisor,Home Credit Vietnam,"Ho Chi Minh City, Vietnam"
Senior Data Scientist - Fraud/Risk,Trusting Social,"Ho Chi Minh City, Ho Chi Minh City, Vietnam"
"[HCM] Software Engineer (New Graduates, Last Year Students)",Got It AI,"Ho Chi Minh City, Ho Chi Minh City, Vietnam"
Business Analyst,Hitachi Vantara,Ho Chi Minh City Metropolitan Area
Database Administrator (L1),Accenture,"Ho Chi Minh City, Vietnam"
Database Administrator (L1),Accenture,"Ho Chi Minh City, Vietnam"
Business Analyst (Vehicle),Chợ Tốt,"Ho Chi Minh City, Vietnam"
OPERATIONS MANAGER (IT FIELD),AHT Tech Jsc,Hanoi Capital Region
Sales Analytics & Support,Sanofi,"Ho Chi Minh City, Ho Chi Minh City, Vietnam"
Python Software Engineer,Aloha Consulting Group,"Ho Chi Minh City, Ho Chi Minh City, Vietnam"
Data Engineer,Fetch Technology,"Ho Chi Minh City, Ho Chi Minh City, Vietnam"
Business Analyst,Hitachi Vantara,Ho Chi Minh City Metropolitan Area
Director of Ecommerce,Talentnet Corporation,"Ho Chi Minh City, Vietnam"
Regional Data Analytic Visualization Platform manager,Michael Page,"Ho Chi Minh City, Ho Chi Minh City, Vietnam"
Business Analyst,Hitachi Vantara,Ho Chi Minh City Metropolitan Area
Commercial Finance Analyst,Medical Diag Center,"Ho Chi Minh City, Ho Chi Minh City, Vietnam"
[HCM] Data Scientist (Customer Acquisition),Trusting Social,"Ho Chi Minh City, Ho Chi Minh City, Vietnam"
Assistant Director- East Analyst Development Program,Liberty Mutual Insurance,Vietnam
ML/AI Engineer,Viettel Cyber Security,"Hanoi, Hanoi, Vietnam"
Technical Data Steward,Fetch Technology,"Ho Chi Minh City, Ho Chi Minh City, Vietnam"
Lead Data Scientist (RTB/NLP),KNOREX,"Ho Chi Minh City, Ho Chi Minh City, Vietnam"
Technical Data Steward,Fetch Technology,Da Nang Metropolitan Area
Blockchain Consultant (Internship),Simple Group Vietnam,"Ho Chi Minh City, Ho Chi Minh City, Vietnam"
"Data Analyst (Statistics/Python/BI) (Bangkok-based, relocation provided)",Agoda,"Ho Chi Minh City, Ho Chi Minh City, Vietnam"
Credit Policy Specialist,Movi Vietnam,"Ho Chi Minh City, Vietnam"
Junior Product Analyst,Công Ty Cổ Phần Chứng Khoán Vndirect,"Hanoi, Hanoi, Vietnam"
Database Engineer,Fetch Technology,"Ho Chi Minh City, Ho Chi Minh City, Vietnam"
Assistant Director- East Analyst Development Program,Liberty Insurance Pte Ltd.,"Long Xuyên, Vietnam"
Data Management,CÔNG TY TNHH SALTMINE VIỆT NAM,"Ho Chi Minh City, Ho Chi Minh City, Vietnam"
Performance Management & Analytics Manager,Prudential Vietnam Assurance Private Ltd.,"Ho Chi Minh City, Ho Chi Minh City, Vietnam"
Big Data Engineer - Ho Chi Minh,GeoComply,"Ho Chi Minh City, Ho Chi Minh City, Vietnam"
Data Analyst Executive,Công Ty Cổ Phần Markus Việt Nam,"Hanoi, Hanoi, Vietnam"
IT Intern Web app Data Mining,Officience,"Ho Chi Minh City, Ho Chi Minh City, Vietnam"
Senior Data Analyst,Skylink Group,"Ho Chi Minh City, Ho Chi Minh City, Vietnam"
BB Business Finance (VP1),UOB,"Ho Chi Minh City, Ho Chi Minh City, Vietnam"
BUSINESS ANALYST,Vascara Group,"Ho Chi Minh City, Ho Chi Minh City, Vietnam"
Chuyên viên kế hoạch xuất khẩu và cung ứng | Export & Supply Planning Specialist,Carlsberg Group,Vietnam
Associate,McKinsey & Company,"Hanoi, Hanoi, Vietnam"
Mindshare | Performance Intern,Mindshare,"Ho Chi Minh City, Ho Chi Minh City, Vietnam"
"Data Analyst(Bangkok Based, relocation provided)",Agoda,"Ho Chi Minh City, Ho Chi Minh City, Vietnam"
DATA ANALYSIS,Công ty Cổ phần Công nghệ ISOFH,"Hanoi, Hanoi, Vietnam"
Business Analyst/ Digital Project Assistant,Medici Vietnam,"Hanoi, Hanoi, Vietnam"
Consultant/Senior Consultant - Technology Strategy & Transformation - VN,Deloitte,"Ho Chi Minh City, Ho Chi Minh City, Vietnam"
Data Engineer (Vietnamese Only),SmartDev,"Thanh Khê, Da Nang City, Vietnam"
BI Developer,"Gimasys Co., Ltd","Ho Chi Minh City, Ho Chi Minh City, Vietnam"
Blockchain Protocol Analysts,Treehouse Finance,"Ho Chi Minh City, Ho Chi Minh City, Vietnam"
Data Entry/ Data Processing,Innovature BPO,"Ho Chi Minh City, Ho Chi Minh City, Vietnam"
CTO - Transforming Financial Services Enterprise,Michael Page,"Hanoi, Hanoi, Vietnam"
Digitization Operations Analyst,Anduin Transactions,"Ho Chi Minh City, Ho Chi Minh City, Vietnam"
Business Analyst,Chợ Tốt,Vietnam
Business Intelligence Analyst,Advesa Digital Solutions,"Hanoi, Hanoi, Vietnam"
Internal Controls Analyst,Mondelēz International,"Ho Chi Minh City, Ho Chi Minh City, Vietnam"
Lead Data Scientist - Top Tech company in APAC,Michael Page,"Ho Chi Minh City, Ho Chi Minh City, Vietnam"
"Data Processing Specialist, Reference Data",NielsenIQ,"Ho Chi Minh City, Ho Chi Minh City, Vietnam"
Data Engineer,Hitachi Vantara,Ho Chi Minh City Metropolitan Area
Data Analyst,Công Ty Cổ Phần Giải Pháp Phần Mềm Tài Chính (FSS),"Hanoi, Hanoi, Vietnam"
Corporate Sales and Solutions (Global Markets),Citi,"Ho Chi Minh City, Ho Chi Minh City, Vietnam"
Data Engineer,"Gimasys Co., Ltd","Ho Chi Minh City, Ho Chi Minh City, Vietnam"
Risk Analyst,BAEMIN Vietnam (Woowa Bros.),"Ho Chi Minh City, Ho Chi Minh City, Vietnam"
Strategy Intern,BAEMIN Vietnam (Woowa Bros.),"Ho Chi Minh City, Ho Chi Minh City, Vietnam"
Consultant / Senior Consultant-Artificial Intelligence & Data - VN,Deloitte,"Hanoi, Hanoi, Vietnam"
Associate - Cyber Security,PwC,"Ho Chi Minh City, Ho Chi Minh City, Vietnam"
Business Analyst,VĂN PHÒNG ĐẠI DIỆN QUOC HUONG,"Thu Đuc, Vietnam"
Senior Data Operation (40000063),Techcombank (TCB),Ho Chi Minh City Metropolitan Area
Data Engineer,Công Ty Cổ Phần Giải Pháp Phần Mềm Tài Chính (FSS),"Ho Chi Minh City, Ho Chi Minh City, Vietnam"
Head - Operations Digital,Prudential Vietnam Assurance Private Ltd.,"Ho Chi Minh City, Ho Chi Minh City, Vietnam"
Exp./ Senior Database Administrator (SQL Server) (Bollore Group),Havas Group - Ekino Vietnam,"District 1, Ho Chi Minh City, Vietnam"
Senior Project Manager/Technical Manager,DXC Technology,"Ho Chi Minh City, Vietnam"
"Senior Analyst, Traffic Operation",Lazada,"Ho Chi Minh City, Vietnam"
Operations Assistant Intern,ADA,"Ho Chi Minh City, Ho Chi Minh City, Vietnam"
"Customer Insights & Journey Research, Senior Lead",AIA Vietnam,"Ho Chi Minh City, Vietnam"
FP&A Analyst,Robert Walters,"Ho Chi Minh City, Ho Chi Minh City, Vietnam"
HH156 Senior Data Analyst (Power BI),One Arrow Consulting Vietnam,"Ho Chi Minh City, Ho Chi Minh City, Vietnam"
Machine Learning Research Scientist,Got It AI,"Hanoi, Hanoi, Vietnam"
Data Scientist - Global FMCG brand,Michael Page,"Ho Chi Minh City, Ho Chi Minh City, Vietnam"
"Senior Associate Valuation, Deals",PwC,"Ho Chi Minh City, Ho Chi Minh City, Vietnam"
Fresh/Junior Automation Tester (QA/QC),Ekino Vietnam,"Ho Chi Minh City, Ho Chi Minh City, Vietnam"
Analytics Engineer,Xendit,"Hanoi, Hanoi, Vietnam"
Junior Financial Analyst,Tnhh Nature Origin,"Ho Chi Minh City, Ho Chi Minh City, Vietnam"
Senior Database Administrator,Alliex Vietnam JSC,"Hanoi, Hanoi, Vietnam"
Senior Database Administrator,Alliex Vietnam JSC,"Hanoi, Hanoi, Vietnam"
"Manager Data Governance, Consulting",PwC,"Ho Chi Minh City, Ho Chi Minh City, Vietnam"
"Senior Associate Valuation, Deals",PwC,"Ho Chi Minh City, Ho Chi Minh City, Vietnam"
Senior Data Analyst - Hà Nội,Ninja Van,"Hanoi, Hanoi, Vietnam"
"Executive, Market Intelligence",DKSH,"Ho Chi Minh City, Vietnam"
"FINANCIAL CONTROLLER - Dubai, UAE",Cobblestone Energy,"Ho Chi Minh City, Ho Chi Minh City, Vietnam"
Pricing Analyst,Liberty Insurance Pte Ltd.,"Hanoi, Hanoi, Vietnam"
International Logistics Solution (Vietnam E-commerce),TikTok,"Ho Chi Minh City, Ho Chi Minh City, Vietnam"
Senior Financial Analyst | Valuation & Advisory Services,Colliers,"Ho Chi Minh City, Ho Chi Minh City, Vietnam"
Dir-Revenue Management I,Sheraton Hotels & Resorts,"Ho Chi Minh City, Vietnam"
Inventory Accountant,"Emers Vietnam Co ., Ltd","Ho Chi Minh City, Vietnam"
Accounting Data Processing,Innovature BPO,"Ho Chi Minh City, Ho Chi Minh City, Vietnam"
Risk consultant _ Financial Risk Management,EY,"Quân Phuong Ha Trai, Vietnam"
Senior Project Manager,"BAP IT Co., JSC",Da Nang Metropolitan Area
Trade Intelligence and Deployment Manager,GSK,"Ho Chi Minh City, Ho Chi Minh City, Vietnam"
Business Analyst Team Lead,Tasco Jsc.,"Hanoi, Hanoi, Vietnam"
Intern/Junior Market Research Analyst (Remote Researcher Internship),Brainnest,"Hanoi, Hanoi, Vietnam"
Cloud Data Engineer,Synodus,"Hanoi, Hanoi, Vietnam"
2023 Vietnam Graduate Program_ Sales & Marketing,bp,"Ho Chi Minh City, Ho Chi Minh City, Vietnam"
Data Architect,Techcombank (TCB),"Hanoi, Hanoi, Vietnam"
Senior Data Scientist - Fraud/Risk,Trusting Social Career Page,"Ho Chi Minh City, Ho Chi Minh City, Vietnam"
HR Data Entry,Ninja Van,"Ho Chi Minh City, Ho Chi Minh City, Vietnam"
Database Administrator,OpenWay,"Quân Phuong Ha Trai, Vietnam"
Database Engineer (1000 - 1300 USD),Fetch Technology,"Ho Chi Minh City, Ho Chi Minh City, Vietnam"
Pricing Analyst,Liberty Mutual Insurance,"Hanoi, Hanoi, Vietnam"
"Risk Analyst - Fintech, Digital Banking",Trusting Social,"Ho Chi Minh City, Ho Chi Minh City, Vietnam"
Associate - Corporate Finance,PwC,"Hanoi, Hanoi, Vietnam"
"Data Analyst, Trilogy (Remote) - $100,000/year USD",Crossover for Work,"Hanoi, Hanoi, Vietnam"
Business Intelligent Executive,Michael Page,"Ho Chi Minh City, Ho Chi Minh City, Vietnam"
Giám sát đối tác chiến lược tài chính thương mại | Commerce Finance Business Partner - Supervisor,Carlsberg Group,"Ho Chi Minh City, Ho Chi Minh City, Vietnam"
"Assistant Product Manager, Product-A&H Analytics",Liberty Mutual Insurance,"Ho Chi Minh City, Ho Chi Minh City, Vietnam"
General Accountant,Formos,"Ho Chi Minh City, Vietnam"
Country IT Manager,JAC Group,Vietnam
Phân tích Nghiệp vụ (Business Analyst),Công Ty Cổ Phần Giải Pháp Phần Mềm Tài Chính (FSS),"Ho Chi Minh City, Ho Chi Minh City, Vietnam"
Remote - Senior Data Engineer,ADI CONSULTING COMPANY LIMITED,"Hanoi, Hanoi, Vietnam"
Inventory Audit Supervisor,Emart (Thiso Retail),"Ho Chi Minh City, Vietnam"
Research Manager (Quantitative),Insights by Kantar,"Ho Chi Minh City, Vietnam"
Digital Transformation Manager (Commercial Portfolio),AB InBev Southeast Asia,"Ho Chi Minh City, Vietnam"
"Senior Executive, Reporting & System Service",DKSH,"Ho Chi Minh City, Vietnam"
E-commerce Product Operations,TikTok,"Ho Chi Minh City, Ho Chi Minh City, Vietnam"
Risk Management Executive,BAEMIN Vietnam (Woowa Bros.),"Ho Chi Minh City, Ho Chi Minh City, Vietnam"
Data Engineer,Techcombank (TCB),"Hanoi, Hanoi, Vietnam"
Data Protection Associate - Risk Management,EY,"Quân Phuong Ha Trai, Vietnam"
"Deals - Strategy, Intern",PwC,"Hanoi, Hanoi, Vietnam"
Funds Transfer Officer,Citi,"Ho Chi Minh City, Ho Chi Minh City, Vietnam"
Senior Associate - Finance,PwC,"Ho Chi Minh City, Ho Chi Minh City, Vietnam"
QA intern,Ninja Van,"Ho Chi Minh City, Ho Chi Minh City, Vietnam"
Oracle Database Engineer,Accenture,"Ho Chi Minh City, Vietnam"
Business Operations Intern (6 months),Funding Societies | Modalku Group,"Ho Chi Minh City, Ho Chi Minh City, Vietnam"
Supply Chain Manager,The Estée Lauder Companies Inc.,Vietnam
Senior Financial Analyst - Abbott Pharmaceuticals,Abbott,"Ho Chi Minh City, Ho Chi Minh City, Vietnam"
Financial Analyst (Fresher),Jabil,"Ho Chi Minh City, Ho Chi Minh City, Vietnam"
Supervisor,Shinhan Vietnam Bank Ltd.,"Ho Chi Minh City, Vietnam"
Senior Data Scientist,Cốc Cốc,"Hanoi, Hanoi, Vietnam"
Senior Research Analyst | Research & Advisory Services,Colliers,"Ho Chi Minh City, Ho Chi Minh City, Vietnam"
Accounting Specialist,Axon Active,"Ho Chi Minh City, Vietnam"
Accounting Intern (Remote Internship - Accountant),Brainnest,"Ho Chi Minh City, Ho Chi Minh City, Vietnam"
"Anti-Fraud Executive - Risk Management, Shopee Xpress",Shopee,"Ho Chi Minh City, Ho Chi Minh City, Vietnam"
(Remote)Game Analytics Director_New Blockchain Ecosystem,Michael Page,"Ho Chi Minh City, Ho Chi Minh City, Vietnam"
Data Governance Leader - APAC,Cargill,"Ho Chi Minh City, Ho Chi Minh City, Vietnam"
SQL Developer (junior),"Gimasys Co., Ltd","Hanoi, Hanoi, Vietnam"
Quality Control Engineer,The Orange Group,"Ho Chi Minh City, Vietnam"
Sales IT Manager,Procter & Gamble,"Ho Chi Minh City, Ho Chi Minh City, Vietnam"
Senior Associate (Consulting),Robert Walters,"Ho Chi Minh City, Ho Chi Minh City, Vietnam"
IT & Business Processes Automation Manager (Remote),Bluebox,Vietnam
Management Information System Manager,Shinhan Finance,"Ho Chi Minh City, Ho Chi Minh City, Vietnam"
"Manager, Data Engineering",Techcombank (TCB),"Hanoi, Hanoi, Vietnam"
Associate Corporate Tax,PwC,"Ho Chi Minh City, Ho Chi Minh City, Vietnam"
(Senior) Solution Architect,Techcombank (TCB),"Ho Chi Minh City, Vietnam"
[Danang] Business Analyst,DataHouse Asia,Da Nang Metropolitan Area
Director - Technology Strategy & Transformation - VN,Deloitte,"Ho Chi Minh City, Ho Chi Minh City, Vietnam"
Application Analyst (Factory Process),Techtronic Industries Vietnam,"Binh Duong, Vietnam"
QC Engineer (All level),CMC Global Company Limited.,"Ho Chi Minh City, Vietnam"
Data Engineer,Ascendeum,Vietnam
Engineering Intern,Procter & Gamble,"Bính Dương, Vietnam"
Financial Controller - Asia Market,Liberty Mutual Insurance,"Ho Chi Minh City, Ho Chi Minh City, Vietnam"
Project Management Lead,GSK,"Ho Chi Minh City, Ho Chi Minh City, Vietnam"
Senior Data Analyst (Based in HCMC),Amanotes,"Ho Chi Minh City, Ho Chi Minh City, Vietnam"
Financial Assistant to CEO,True Platform,"Hanoi, Hanoi, Vietnam"
"MGR-AVP, Balance Sheet Risk Management",UOB,"Cam My, Dong Nai, Vietnam"
Accounting Manager (f/m/x),ecoligo,"Ho Chi Minh City, Ho Chi Minh City, Vietnam"
IT Business Analyst,Manulife,"Ho Chi Minh City, Ho Chi Minh City, Vietnam"
"Senior Data Processing Specialist, Reference Data",NielsenIQ,"Ho Chi Minh City, Ho Chi Minh City, Vietnam"
Big Data Engineer - Canada product company,ADI CONSULTING COMPANY LIMITED,"Ho Chi Minh City, Ho Chi Minh City, Vietnam"
Quality Control Engineer,Neolab Việt Nam,"Hòa Cường Bắc, Da Nang City, Vietnam"
Data Engineer - Top Fintech startup,Michael Page,"Ho Chi Minh City, Ho Chi Minh City, Vietnam"
Regional Key Accounts - Strategy & Analytics (Vietnam),TikTok,"Ho Chi Minh City, Ho Chi Minh City, Vietnam"
Big Data Engineer,Fetch Technology,Da Nang Metropolitan Area
Technical Team Lead,"Torus Engineering., JSC",Vietnam
Data Engineer,Softline International,"Ho Chi Minh City, Ho Chi Minh City, Vietnam"
Regional Data Analytic Visualization Platform manager,Michael Page,"Ho Chi Minh City, Ho Chi Minh City, Vietnam"
Regional Key Accounts - Strategy & Analytics (Vietnam),TikTok,"Ho Chi Minh City, Ho Chi Minh City, Vietnam"
"Assistant Product Manager, Product-A&H Analytics",Liberty Mutual Insurance,"Ho Chi Minh City, Vietnam"
Information Technology Specialist,none,"Ho Chi Minh City, Vietnam"
"GRADUATE SOFTWARE ENGINEER - Dubai, UAE",Cobblestone Energy,"Ho Chi Minh City, Ho Chi Minh City, Vietnam"
Operations Manager-Regulatory and Financial Reporting,Confluence,"Ho Chi Minh City, Vietnam"
Odoo Developer,"SOTATEK., JSC",Hanoi Capital Region
"Business Analyst, Strategic Partnerships( Bangkok based)",Agoda,"Ho Chi Minh City, Ho Chi Minh City, Vietnam"
Venture Dev Associate,The Parentinc,"Ho Chi Minh City, Ho Chi Minh City, Vietnam"
Senior Consultant - Artificial Intelligence & Data - VN,Deloitte,"Hanoi, Hanoi, Vietnam"
[HN] SQL Developer (Junior),"Gimasys Co., Ltd","Hanoi, Hanoi, Vietnam"
Controller,DHL Express Vietnam,"Ho Chi Minh City, Ho Chi Minh City, Vietnam"
Data Architect,Softline International,"Ho Chi Minh City, Ho Chi Minh City, Vietnam"
General IT Consulting & Implementation Team Leader,Hitachi Vantara,"Ho Chi Minh City, Vietnam"
Senior Associate - RISQ,PwC,"Ho Chi Minh City, Ho Chi Minh City, Vietnam"
Senior Associate in Business Transformation - Business Consulting - Hanoi Office,EY,"Quân Phuong Ha Trai, Vietnam"
Finance Specialist,Marriott,Ho Chi Minh City Metropolitan Area
[Hà Nội] Chuyên viên báo cáo và phân tích dữ liệu,Phong Vu Trading - Service Company,"Đống Đa, Hanoi, Vietnam"
Special Project Manager (Strategy),Ninja Van,"Ho Chi Minh City, Ho Chi Minh City, Vietnam"
Operations Executive - Hanoi,Funding Societies | Modalku Group,"Ho Chi Minh City, Ho Chi Minh City, Vietnam"
Business Planning and Analysis Specialist,Công Ty Con Cưng (concung.com),"Ho Chi Minh City, Ho Chi Minh City, Vietnam"
Senior Data Engineer (VN),Sleek,"Hoàn Kiếm District, Hanoi, Vietnam"
Fraud Parameter Strategy Officer,Citi,"Ho Chi Minh City, Ho Chi Minh City, Vietnam"
Database Administrator (SQL Server) (Bollore Group),Havas Group - Ekino Vietnam,"Phường 11, Ho Chi Minh City, Vietnam"
Strategy Executive,Pmax,"Ho Chi Minh City, Ho Chi Minh City, Vietnam"
Product Development Executive,UOB,"My Tho, Vietnam"
Junior Oracle Developer,"Gimasys Co., Ltd","Ho Chi Minh City, Ho Chi Minh City, Vietnam"
"Project Management - Logistics, Operations",Shopee,"Ho Chi Minh City, Ho Chi Minh City, Vietnam"
Cloud Data Engineer (GCP) - Up to $3200,HCLTech Vietnam,"Ho Chi Minh City, Vietnam"
SOFTWARE ENGINEER,JAC Group,Vietnam
Data Scientist (40000031),Techcombank (TCB),"Hanoi, Hanoi, Vietnam"
SENIOR BUSINESS ANALYST,Grooo International JSC,"Ho Chi Minh City, Ho Chi Minh City, Vietnam"
"Data Analyst, Strategic Partnerships( Bangkok based)",Agoda,"Hanoi, Hanoi, Vietnam"
CHIEF TECHNOLOGY OFFICER (CTO),WEALLNET,"Ho Chi Minh City, Ho Chi Minh City, Vietnam"
Remote BACKEND (PYTHON+SQL) Developer at Clue (getclue.com),Clue Insights,"Hanoi, Hanoi, Vietnam"
CHIEF TECHNOLOGY OFFICER (CTO),WEALLNET,"Ho Chi Minh City, Ho Chi Minh City, Vietnam"
Remote BACKEND (PYTHON+SQL) Developer at Clue (getclue.com),Clue Insights,"Hanoi, Hanoi, Vietnam"
Cyber Security Intern (Remote Cybersecurity Internship),Brainnest,"Ho Chi Minh City, Ho Chi Minh City, Vietnam"
Process Engineer,onsemi,"Biên Hòa, Dong Nai, Vietnam"
Data Engineer (40000064),Techcombank (TCB),"Hanoi, Hanoi, Vietnam"
[Remote] CEO - Blockchain Super Platform,Michael Page,"An Giang, Vietnam"
Software Engineer - Search Language Processing,Lazada,"Ho Chi Minh City, Vietnam"
Logistics Operations Executive,Ninja Van,"Ho Chi Minh City, Ho Chi Minh City, Vietnam"
"Data Analyst (Statistics/Python/BI) (Bangkok-based, relocation provided)",Agoda,"Hanoi, Hanoi, Vietnam"
Scrum Master - Remote,Inspectorio,"Ho Chi Minh City, Ho Chi Minh City, Vietnam"
Software Engineer,freeC Asia,"Ho Chi Minh City, Vietnam"
Big Data Engineer,Fetch Technology,"Ho Chi Minh City, Ho Chi Minh City, Vietnam"
Junior Product Marketing Analyst (Competitive Intelligence),Katalon,"Ho Chi Minh City, Ho Chi Minh City, Vietnam"
Operations Manager (Banking/Finance field),Funding Societies | Modalku Group,"Ho Chi Minh City, Ho Chi Minh City, Vietnam"
Quản lý Kế hoạch | Demand Planning Associate Manager,Carlsberg Group,Vietnam
"Business Analyst (Bangkok Based, relocation provided)",Agoda,"Ho Chi Minh City, Ho Chi Minh City, Vietnam"
"Officer, Economics and Financial Markets Analysis (40000376)",Techcombank (TCB),"Hanoi, Hanoi, Vietnam"
Data Scientist - FMCG Digital Hub,Michael Page,"Ho Chi Minh City, Ho Chi Minh City, Vietnam"
"Software Engineer (New Graduates, Last Year Students)",Got It AI,"Hanoi, Hanoi, Vietnam"
Senior Accountant (Supervisor level),Hitachi Vantara,"Ho Chi Minh City, Vietnam"
Market Intelligence Specialist,BAEMIN Vietnam (Woowa Bros.),"Ho Chi Minh City, Ho Chi Minh City, Vietnam"
Junior Automation Tester (QA/QC),Havas Group,"Ho Chi Minh City, Vietnam"
Web Developer,An Italy Company which manufacturing steel,"Ho Chi Minh City, Vietnam"
(Senior/Expert) Operational Risk Management,Techcombank (TCB),Hanoi Capital Region
"Reporting and System Enhancement Executive (For Accounting, Finance)",DKSH,"Ho Chi Minh City, Vietnam"
IT Intern,Procter & Gamble,"Bến Cát, Binh Duong, Vietnam"
"JUNIOR ANALYST - Dubai, UAE",Cobblestone Energy,"Can Tho, Can Tho, Vietnam"
Product Lead (Finance/ Banking/ Risk),MoMo (M_Service),"Ho Chi Minh City, Vietnam"
"Associate Product Manager/Business Analyst, Grove",Grove,"Ho Chi Minh City, Ho Chi Minh City, Vietnam"
Senior Product Analyst (Remote Possible),Glints,"Ho Chi Minh City, Ho Chi Minh City, Vietnam"
Head of Research And Development (Battery Energy Storage System (Battery Energy Storage System),Stavian Chemical JSC,"Ho Chi Minh City, Vietnam"
Senior Manager - Data Management & Advanced Analytics - Consumer Business - Vietnam,Deloitte,"Ho Chi Minh City, Ho Chi Minh City, Vietnam"
Software Engineer - Search Language Processing-GSS,Lazada,"Ho Chi Minh City, Ho Chi Minh City, Vietnam"
Accountant,MPV,"Nghi Sơn, Thanh Hoa, Vietnam"
"Strategy Analyst (Bangkok Based, relocation provided)",Agoda,"Ho Chi Minh City, Ho Chi Minh City, Vietnam"
"Senior Client Insights - SBS Experience, Operations",Shopee,"Ho Chi Minh City, Ho Chi Minh City, Vietnam"
Science Curriculum Associate (Vietnam),Geniebook,"Ho Chi Minh City, Vietnam"
Senior Consultant - Operations Transformation - VN,Deloitte,"Hanoi, Hanoi, Vietnam"
"Senior Executive, IT Application Management",US Vietnam Talent International School,"Ho Chi Minh City, Vietnam"
(Senior) Product Manager l Remote,Inspectorio,"Ho Chi Minh City, Ho Chi Minh City, Vietnam"
Head of Data Engineering and Delivery (40000057),Techcombank (TCB),"Hanoi, Hanoi, Vietnam"
Innovation and Concepts Manager,Vingroup JSC,"Hanoi, Hanoi, Vietnam"
Data Architect,Rackspace Technology,Vietnam
Senior Manager - Technology Strategy & Transformation - VN,Deloitte,"Ho Chi Minh City, Ho Chi Minh City, Vietnam"
SEO Analyst,dentsu international,"Ho Chi Minh City, Ho Chi Minh City, Vietnam"
Finance Controller,PERSOLKELLY Vietnam,"Ho Chi Minh City, Ho Chi Minh City, Vietnam"
ERP Project Manager,LOTTE Data Communication Vietnam,"District 7, Ho Chi Minh City, Vietnam"
Experienced Associate in Business Transformation - Business Consulting - Hanoi Office,EY,"Quân Phuong Ha Trai, Vietnam"
Staff/Assistant - Technology Risk - Hanoi Office,EY,"Quân Phuong Ha Trai, Vietnam"
Senior Business Analyst,InnomizeTech,"Ho Chi Minh City, Ho Chi Minh City, Vietnam"
Junior Cloud Admin,Accenture,"Ho Chi Minh City, Vietnam"
[Hanoi] 2 Fullstack Engineers - Investment team (Blockchain/Crypto/DeFi),Kyber Ventures,Hanoi Capital Region
Manual Tester,MealSuite,"Ho Chi Minh City, Ho Chi Minh City, Vietnam"
[Glints Recommended] Data Lead,Publicis Groupe Vietnam,"Ho Chi Minh City, Ho Chi Minh City, Vietnam"
Retail Audit Manager,Wabi Project,"Ho Chi Minh City, Ho Chi Minh City, Vietnam"
Senior Financial Specialist,MindX Technology School,"Hanoi, Hanoi, Vietnam"
Product Analyst - Digital Banking - Credit Cards,Trusting Social,"Ho Chi Minh City, Ho Chi Minh City, Vietnam"
[HN&HCM] Senior Business Analyst (Digital Marketing Technology),Techcombank (TCB),Hanoi Capital Region
Database Administrator (SQLServer),Ekino Vietnam,"Ho Chi Minh City, Ho Chi Minh City, Vietnam"
Senior Consultant | Digital & Emerging Technologies | Hanoi Office,EY,"Quân Phuong Ha Trai, Vietnam"
Venture Lead Vietnam (Agricultural Business),Bayer,"Ho Chi Minh City, Ho Chi Minh City, Vietnam"
"Data Analyst(Bangkok Based, relocation provided)",Agoda,"Hanoi, Hanoi, Vietnam"
[HCM] Senior Data Scientist - Fraud/ Risk,Trusting Social,"Ho Chi Minh City, Ho Chi Minh City, Vietnam"
(Senior/Expert) Digital Risk Management,Techcombank (TCB),Hanoi Capital Region
Financial Controller - Asia Market,Liberty Insurance Pte Ltd.,"Ho Chi Minh City, Ho Chi Minh City, Vietnam"
"Managing Consultant, Advisors Client Services",Mastercard,"Ho Chi Minh City, Ho Chi Minh City, Vietnam"
Business Analyst,Kyanon Digital,"Ho Chi Minh City, Ho Chi Minh City, Vietnam"
Business Development Manager,Tech Data,"Ho Chi Minh City, Ho Chi Minh City, Vietnam"
Operation Executive,Ninja Van,"Ho Chi Minh City, Ho Chi Minh City, Vietnam"
Big Data Engineer (Spark/ Hadoop/ Scala),Trusting Social,"Ho Chi Minh City, Ho Chi Minh City, Vietnam"
SOP Lead (Standard Operating Procedure),Dat Bike,"Tân Phú District, Ho Chi Minh City, Vietnam"
"Senior Data Engineer, KMS Solutions",KMS Solutions,"Ho Chi Minh City, Ho Chi Minh City, Vietnam"
Revenue Manager - RMAS,Sheraton Hotels & Resorts,"Ho Chi Minh City, Vietnam"
"Retail Marketing Executive, MAC.BB",The Estée Lauder Companies Inc.,Vietnam
Science Curriculum Associate (Vietnam),Geniebook,"Ho Chi Minh City, Vietnam"
Senior Research Manager (Quantitative),Insights by Kantar,"Ho Chi Minh City, Vietnam"
Senior Research Executive (Quantitative),Insights by Kantar,"Ho Chi Minh City, Vietnam"
Analyst / Senior Analyst – Business Intelligence & Operations [Bangkok Based],Agoda,"Ho Chi Minh City, Ho Chi Minh City, Vietnam"
Senior Associate - Transaction Services (Deals),PwC,"Ho Chi Minh City, Vietnam"
"Analytics Specialist (Bangkok Based, relocation provided)",Agoda,"Ho Chi Minh City, Ho Chi Minh City, Vietnam"
Product Owner,Liberty Mutual Insurance,"Ho Chi Minh City, Ho Chi Minh City, Vietnam"
Data Governance - Senior Associate,PwC,"Hanoi, Hanoi, Vietnam"
IT Helpdesk (High Salary),Jobsrefer,Vietnam
Data Engineer,Techcombank (TCB),"Hanoi, Hanoi, Vietnam"
Investment Analyst Intern,Công Ty Cổ Phần Markus Việt Nam,"Hanoi, Hanoi, Vietnam"
"Assistant Product Manager, Product-A&H Analytics",Liberty Insurance Pte Ltd.,"Ho Chi Minh City, Vietnam"
QA Engineer (Manual),JAC Group,"Ho Chi Minh City, Ho Chi Minh City, Vietnam"
PRODUCT BUSINESS ANALYST,"Heramo Co., Ltd","Ho Chi Minh City, Ho Chi Minh City, Vietnam"
Manufacturing Excellence Lead (Hanoi/ Ho Chi Minh),lululemon,"Hanoi, Hanoi, Vietnam"
[Hanoi] Data Engineer - Stock Exchange platform,Michael Page,"Hanoi, Hanoi, Vietnam"
Nhân Viên Nhập Liệu DATA,Công Ty Tnhh Đttm Dự Án Hoàng Gia,"Ho Chi Minh City, Ho Chi Minh City, Vietnam"
Senior Data Analyst,PLAYSTUDIOS VIETNAM,"Hanoi, Hanoi, Vietnam"
Market Specialist,TikTok,"Ho Chi Minh City, Ho Chi Minh City, Vietnam"
"Senior Manager, Actuarial Business Solutions",AIA Vietnam,"Ho Chi Minh City, Vietnam"
Fresher Business Analyst - Nhân Viên Phân Tích Nghiệp Vụ,"VOLTRANS LOGISTICS CO.,LTD","Ho Chi Minh City, Ho Chi Minh City, Vietnam"
"Senior Managing Consultant, Advisors Client Services",Mastercard,"Ho Chi Minh City, Ho Chi Minh City, Vietnam"
SQL Developer,Công Ty Cổ Phần Chứng Khoán Vndirect,"Hanoi, Hanoi, Vietnam"
Innovation & Insights Manager,Michael Page,"Ho Chi Minh City, Ho Chi Minh City, Vietnam"
Software Engineer,Ninja Van,"Ho Chi Minh City, Vietnam"
Head of Finance System Management (Vietnam/ Banking /open expat),PERSOLKELLY Vietnam,"Hanoi, Hanoi, Vietnam"
Innovation & Insights Supervisor (Marketing),AB InBev Southeast Asia,"Ho Chi Minh City, Vietnam"
Finance Assistant (2Yrs Contract),Legrand Vietnam,"Ho Chi Minh City, Vietnam"
Regional Consumer Research Lead,Hayat,"Ho Chi Minh City, Vietnam"
Strategic Planning,Zoe Events,"Ho Chi Minh City, Ho Chi Minh City, Vietnam"
Python Developer,"SOTATEK., JSC","Hanoi, Hanoi, Vietnam"
"Experienced Staff | Valuation, Modeling & Economics | HCMC Office",EY,"Ho Chi Minh City, Ho Chi Minh City, Vietnam"
Assistant Manager Finance,PERSOLKELLY Vietnam,"Ho Chi Minh City, Vietnam"
Receivable Accountant,Toll Group,"Ho Chi Minh City, Ho Chi Minh City, Vietnam"
Senior Strategy Executive,Pmax,"Ho Chi Minh City, Ho Chi Minh City, Vietnam"
Accountant Receivable Analyst,Ninja Van,"Ho Chi Minh City, Ho Chi Minh City, Vietnam"
Senior Python Developer (Hybrid Working),freeC Asia,"Ho Chi Minh City, Vietnam"
Monitoring & Evaluation / Developmental Evaluation Officer,EDC (Education Development Center),"Ho Chi Minh City, Ho Chi Minh City, Vietnam"
Finance Specialist (AR),Chợ Tốt,"Ho Chi Minh City, Vietnam"
"Director, Consumer Insights",Worldpanel by Kantar,"Ho Chi Minh City, Vietnam"
Data Engineer,Fetch Technology,"Hanoi, Hanoi, Vietnam"
Lead Python Software Engineer,Y.digital,"Da Nang City, Vietnam"
"Analytical Roles- Analyst/ Senior Analyst/ Associate Manager (Bangkok Based, relocation provided)",Agoda,"Ho Chi Minh City, Ho Chi Minh City, Vietnam"
Associate Data Analyst- Customer Experience Group | Bangkok-based,Agoda,"Hanoi, Hanoi, Vietnam"
Business Operations Executive (Logistics),Ninja Van,"Ho Chi Minh City, Ho Chi Minh City, Vietnam"
Operations Executive,Ninja Van,"Ho Chi Minh City, Ho Chi Minh City, Vietnam"
Inventory Analyst,Jabil,"Ho Chi Minh City, Ho Chi Minh City, Vietnam"
"Mindshare | Executive, Planning",Mindshare,"Ho Chi Minh City, Ho Chi Minh City, Vietnam"
"Mindshare | Executive, Planning",Mindshare,"Ho Chi Minh City, Ho Chi Minh City, Vietnam"
3PL Business Expert - Allocation,H&M,"Biên Hòa, Dong Nai, Vietnam"
Admin Intern |Valuation & Advisory Services,Colliers,"Ho Chi Minh City, Ho Chi Minh City, Vietnam"
Revenue Management Manager,Kimberly-Clark,"Ho Chi Minh City, Ho Chi Minh City, Vietnam"
Accounting Deputy Manager,Hitachi Vantara,"District 12, Ho Chi Minh City, Vietnam"
Senior Growth Manager,MoMo (M_Service),"Ho Chi Minh City, Vietnam"
Product Owner,Sendo.vn,"Ho Chi Minh City, Vietnam"
SEA - Expert Consultant - Customer Insights,Boston Consulting Group (BCG),"Ho Chi Minh City, Ho Chi Minh City, Vietnam"
Engineering Manager,Skedulo,"Ho Chi Minh City, Ho Chi Minh City, Vietnam"
Senior SAP BW/BI,Central Retail in Vietnam,"Ho Chi Minh City, Vietnam"
"Life Insurance Product Delivery, Senior Lead",AIA Vietnam,"Ho Chi Minh City, Vietnam"
Finance Manager,Robert Walters,"Ho Chi Minh City, Ho Chi Minh City, Vietnam"
Business Development Manager,JobHopin,Ho Chi Minh City Metropolitan Area
Business Operation Manager,Ninja Van,"Ho Chi Minh City, Ho Chi Minh City, Vietnam"
Compliance AML Risk Management Senior Analyst,Citi,"Ho Chi Minh City, Ho Chi Minh City, Vietnam"
Information Technology Infrastructure Specialist,T&C Warehousing & Transportation JSC,"Tân Bình, Ho Chi Minh City, Vietnam"
"Team Lead, Data Engineering",Techcombank (TCB),"Hanoi, Hanoi, Vietnam"
Digital Manager,dentsu international,"Ho Chi Minh City, Vietnam"
Strategy Manager,Pmax,"Ho Chi Minh City, Ho Chi Minh City, Vietnam"
Senior Associate - IT Risk Assurance,PwC Vietnam,"Ho Chi Minh City, Vietnam"
Senior Market Research and Business Intelligence Manager - Abbott Pharmaceuticals,Abbott,"Ho Chi Minh City, Ho Chi Minh City, Vietnam"
Process Engineering Lead,Intel Corporation,"Ho Chi Minh City, Ho Chi Minh City, Vietnam"
"Senior Business Intelligence, Strategic Partnerships( Bangkok based)",Agoda,"Ho Chi Minh City, Ho Chi Minh City, Vietnam"
Account Intern,PETER & VIET NAM COMPANY LIMITED,"Ho Chi Minh City, Vietnam"
Dir-Revenue Management I,Marriott,"Ho Chi Minh City, Ho Chi Minh City, Vietnam"
Consultant / Senior Consultant - Intelligent Automation (RPA) - VN,Deloitte,"Hanoi, Hanoi, Vietnam"
Data Specialist,Công ty Cổ phần Công nghệ Bằng Hữu (AMIGO),"Hanoi, Hanoi, Vietnam"
Implementation Consultant,Confluence,"Ho Chi Minh City, Vietnam"
Mid/Senior Data Engineer,BAEMIN Vietnam (Woowa Bros.),"Ho Chi Minh City, Ho Chi Minh City, Vietnam"
[HCM] Research Engineer (Computer Vision),Trusting Social,"Ho Chi Minh City, Ho Chi Minh City, Vietnam"
Supply Chain Manager,Wahl Vietnam,"Cần Giuộc, Long An, Vietnam"
"Senior Data Analyst, Partner Development – (Statistics/ML/BI) (Bangkok-based, relocation provided)",Agoda,"Ho Chi Minh City, Ho Chi Minh City, Vietnam"
[Internship] Accounting Intern,ACCA Careers,"Bình Tân, Quang Ngai, Vietnam"
IT Manager,JAC Group,Vietnam
Platform Specialist,AnyMind Group,Ho Chi Minh City Metropolitan Area
Data Engineer,EPAM Systems,"Ho Chi Minh City, Ho Chi Minh City, Vietnam"
Finance associate,Missing Corner,"Hanoi, Hanoi, Vietnam"
(Senior) Solution Architect,Techcombank (TCB),"Hanoi, Hanoi, Vietnam"
Senior Data Engineer (0809),Techcombank (TCB),Ho Chi Minh City Metropolitan Area
Cost Officer,Marriott,"Phú Quoc, Vietnam"
Technical Data Steward,Fetch Technology,"Hanoi, Hanoi, Vietnam"
"Senior Business Intelligence Analyst (Bangkok based, relocation provided)",Agoda,"Ho Chi Minh City, Ho Chi Minh City, Vietnam"
"Senior Data Analyst (Bangkok Based, relocation provided)",Agoda,"Ho Chi Minh City, Ho Chi Minh City, Vietnam"
Quality Control Engineer (Software testing),REE Corporation,"Ho Chi Minh City, Vietnam"
"Accounting Intern, GBS",ADM,Ho Chi Minh City Metropolitan Area
Finance Operations & Analytics Manager (Bangkok Based),Agoda,"Ho Chi Minh City, Ho Chi Minh City, Vietnam"
Product Analytics Specialist - Digital Banking - Credit Cards,Trusting Social,"Ho Chi Minh City, Ho Chi Minh City, Vietnam"
"Growth Manager, Financial Services",MoMo (M_Service),"Ho Chi Minh City, Vietnam"
Research Manager,Buzzmetrics,"Ho Chi Minh City, Vietnam"
"ML Data Engineer, Annotation, visualization",Axon,"Ho Chi Minh City, Ho Chi Minh City, Vietnam"
"Growth Manager, Financial Services",MoMo (M_Service),"Ho Chi Minh City, Vietnam"
Research Manager,Buzzmetrics,"Ho Chi Minh City, Vietnam"
"ML Data Engineer, Annotation, visualization",Axon,"Ho Chi Minh City, Ho Chi Minh City, Vietnam"
"Business Intelligence Developer, Product Team (Bangkok based, relocation provided)",Agoda,"Ho Chi Minh City, Ho Chi Minh City, Vietnam"
Monetization Intern,Store,"Ho Chi Minh City, Ho Chi Minh City, Vietnam"
Data Engineer,Công Ty Cổ Phần Giải Pháp Phần Mềm Tài Chính (FSS),"Hanoi, Hanoi, Vietnam"
"Analyst (Bangkok Based, relocation provided)",Agoda,"Ho Chi Minh City, Ho Chi Minh City, Vietnam"
Head of Digital - New Tech Platform,Michael Page,"An Giang, Vietnam"
Strategic Lead - Leading Digitech Company,Michael Page,"Ho Chi Minh City, Ho Chi Minh City, Vietnam"
Ads Monetization (Junior),EZ Games,"Ho Chi Minh City, Ho Chi Minh City, Vietnam"
TikTok E-commerce - Seller Risk Management and Programmes Analyst,TikTok,"Ho Chi Minh City, Ho Chi Minh City, Vietnam"
WMS Specialist (Vung Tau),HEINEKEN Vietnam,"Ho Chi Minh City, Vietnam"
Intern,Core Laboratories,"My Tho, Vietnam"
"Senior Data Analyst (Bangkok Based, relocation provided)",Agoda,"Ho Chi Minh City, Ho Chi Minh City, Vietnam"
Automation Tester,Havas Group - Ekino Vietnam,"Phường 11, Ho Chi Minh City, Vietnam"
Database Developer,DXC Technology Vietnam,"Ho Chi Minh City, Ho Chi Minh City, Vietnam"
Vietnam - Digital Growth Associate,Insider.,"Ho Chi Minh City, Ho Chi Minh City, Vietnam"
"Assistant Manager, Bancassurance Compensation",FWD Insurance,"Ho Chi Minh City, Vietnam"
"Senior Business Analyst (Bangkok Based, relocation provided)",Agoda,"Ho Chi Minh City, Ho Chi Minh City, Vietnam"
Product Owner,Reviewty,"Hanoi, Hanoi, Vietnam"
Accounting Intern (Remote Internship - Accountant),Brainnest,"Hanoi, Hanoi, Vietnam"
Data Engineer,Softline Group,"Hanoi, Hanoi, Vietnam"
Investment Principal,Michael Page,"Ho Chi Minh City, Ho Chi Minh City, Vietnam"
"Analyst (SOAP) (Bangkok-based role, Relocation provided)",Agoda,"Ho Chi Minh City, Ho Chi Minh City, Vietnam"
Senior Strategic Planner,The Parentinc,"Ho Chi Minh City, Ho Chi Minh City, Vietnam"
Chuyên Viên Nghiên Cứu Thị Trường (Market Research Analyst),Gleads,"Ho Chi Minh City, Ho Chi Minh City, Vietnam"
Senior Consultant | Technology Transformation | HCMC & Hanoi Office,EY,"Ho Chi Minh City, Ho Chi Minh City, Vietnam"
"SENIOR GAS TRADING ANALYST – Dubai, UAE",Cobblestone Energy,"Ho Chi Minh City, Ho Chi Minh City, Vietnam"
Head of Finance System Management,Confidential Jobs,"Hanoi, Hanoi, Vietnam"
Strategic Planning Director,Công Ty Cổ Phần Pmax,"Ho Chi Minh City, Ho Chi Minh City, Vietnam"
Senior Consultant | Technology Consulting (Change Management) | HCMC & Hanoi Office,EY,"Quân Phuong Ha Trai, Vietnam"
Assistant Operation Innovation Manager,Samsung Electronics Southeast Asia & Oceania,"Ho Chi Minh City, Ho Chi Minh City, Vietnam"
[HN/HCM] Data Engineer,Techcombank (TCB),"Hanoi, Hanoi, Vietnam"
Staff FSO IFRS 9 Team _ Hanoi Office,EY,"Quân Phuong Ha Trai, Vietnam"
Business Development Intern,Homenay,"Ho Chi Minh City, Vietnam"
Senior Python Engineer,JAC Group,"Ho Chi Minh City, Ho Chi Minh City, Vietnam"
Senior Counsel and Data Privacy Officer,L'Oréal,"Ho Chi Minh City, Ho Chi Minh City, Vietnam"
Head of Product Design,Global Shunter,"Ho Chi Minh City, Vietnam"
Associate Research Manager (Qualitative),Insights by Kantar,"Ho Chi Minh City, Vietnam"
Senior Technology Risk _ Hanoi Office,EY,"Quân Phuong Ha Trai, Vietnam"
Social Insight and Account Specialist / Researcher,Kompa,"Ho Chi Minh City, Ho Chi Minh City, Vietnam"
Business Development Representative,Toon Boom Animation,"Ho Chi Minh City, Vietnam"
"FINANCIAL CONTROLLER - Dubai, UAE",Cobblestone Energy,"Hanoi, Hanoi, Vietnam"
Senior Business Analyst,Softline International,"Ho Chi Minh City, Ho Chi Minh City, Vietnam"
Master Data (Hệ Thống DMS),CMC Saigon Technology and Solution,"Ho Chi Minh City, Ho Chi Minh City, Vietnam"
Accountant,EDC (Education Development Center),"Ho Chi Minh City, Ho Chi Minh City, Vietnam"
Senior Python Developer (Hybrid Working),freeC Asia,"Ho Chi Minh City, Ho Chi Minh City, Vietnam"
Operation Coordinator,Ninja Van,"Ho Chi Minh City, Ho Chi Minh City, Vietnam"
Big Data Engineer,Fetch Technology,"Hanoi, Hanoi, Vietnam"
Merchandising Manager (Ho Chi Minh/ Hanoi),lululemon,"Ho Chi Minh City, Vietnam"
Growth Marketing Manager,CMC Global Company Limited.,Hanoi Capital Region
Corporate Strategy Specialist,Amanotes,"Ho Chi Minh City, Vietnam"
Senior IT Project Manager,Manulife,"Ho Chi Minh City, Ho Chi Minh City, Vietnam"
Creator Strategy,TikTok,"Ho Chi Minh City, Vietnam"
[HCM] Big Data Engineer - All Level,Trusting Social,"Ho Chi Minh City, Ho Chi Minh City, Vietnam"
Strategy Principal Consultant,Black & Veatch,"Ho Chi Minh City, Ho Chi Minh City, Vietnam"
Nhân Viên Data,Vega Corporation,"Hanoi, Hanoi, Vietnam"
"Analyst or Senior Analyst- Customer Experience Group(Bangkok Based, relocation provided)",Agoda,"Ho Chi Minh City, Ho Chi Minh City, Vietnam"
Big Data Engineer (Spark/ Hadoop/ Scala),Trusting Social Career Page,"Ho Chi Minh City, Ho Chi Minh City, Vietnam"
Business Development Specialist,ByteDance,"Ho Chi Minh City, Ho Chi Minh City, Vietnam"
[HN] Data Engineer,"Gimasys Co., Ltd","Hanoi, Hanoi, Vietnam"
Assistant Workforce Management Manager - Operations,Shopee,"Ho Chi Minh City, Ho Chi Minh City, Vietnam"
"Lead Anti-Fraud Specialist - Risk Management, Shopee Xpress Vietnam",Shopee,"Ho Chi Minh City, Ho Chi Minh City, Vietnam"
Senior Analyst,Core Laboratories,"My Tho, Vietnam"
Backend Engineer,Galaxy FinX,Ho Chi Minh City Metropolitan Area
Project Manager,WorldQuant,"Ho Chi Minh City, Ho Chi Minh City, Vietnam"
Business Development Manager,JobHopin,"Ho Chi Minh City, Vietnam"
Senior Technical Business Analyst (Product),Temenos,"My Tho, Vietnam"
Backend Developer (Prefer Python),Fetch Technology,"Ho Chi Minh City, Ho Chi Minh City, Vietnam"
Account Executive,Chin Media,"Ho Chi Minh City, Vietnam"
Strategic Planner,Redcarpet Agency,"Ho Chi Minh City, Ho Chi Minh City, Vietnam"
Account Manager – North,Siemens,Hanoi Capital Region
Software Tester,Seadev,Da Nang Metropolitan Area
Management Information System Team Lead,Tasco Jsc.,"Hanoi, Hanoi, Vietnam"
Business Operations Manager,Ninja Van,"Ho Chi Minh City, Ho Chi Minh City, Vietnam"
